<?xml version="1.0" encoding="UTF-8"?>
<project-private xmlns="http://www.netbeans.org/ns/project-private/1">
    <editor-bookmarks xmlns="http://www.netbeans.org/ns/editor-bookmarks/2" lastBookmarkId="0"/>
    <open-files xmlns="http://www.netbeans.org/ns/projectui-open-files/2">
        <group>
            <file>file:/D:/Projet/ENSIAME%203A/OPI'SIAME/code_opisiame/opisiame/opisiame/src/opisiame/dao/Resultat_dao.java</file>
            <file>file:/D:/Projet/ENSIAME%203A/OPI'SIAME/code_opisiame/opisiame/opisiame/src/opisiame/dao/Reponse_participation_dao.java</file>
            <file>file:/D:/Projet/ENSIAME%203A/OPI'SIAME/code_opisiame/opisiame/opisiame/src/opisiame/controller/gestion_quiz/Lancer_questionController.java</file>
            <file>file:/D:/Projet/ENSIAME%203A/OPI'SIAME/code_opisiame/opisiame/opisiame/src/opisiame/controller/com/ListenToRemoteThread.java</file>
            <file>file:/D:/Projet/ENSIAME%203A/OPI'SIAME/code_opisiame/opisiame/opisiame/src/opisiame/model/Eleve.java</file>
        </group>
    </open-files>
</project-private>
